{
    "c2w": [
        [
            0.8909972884635388,
            0.10197504059974097,
            -0.4424080955919575,
            2.674941729108238
        ],
        [
            0.45287690283023785,
            -0.268389183451951,
            0.8502174763487791,
            2.133271135735599
        ],
        [
            -0.03203658585918204,
            -0.9578978741497846,
            -0.2853161752614301,
            1.8321322602950103
        ],
        [
            0.0,
            0.0,
            0.0,
            1.0
        ]
    ],
    "fov": 1.3089969389957472,
    "aspect": 1.8831822759315207
}