{
    "c2w": [
        [
            0.9842459757524177,
            0.07964546559739855,
            0.1578494821814276,
            3.6422857964824975
        ],
        [
            -1.249000902703301e-16,
            -0.8927906897164399,
            0.45047173535710777,
            -0.4073435910697876
        ],
        [
            0.17680457916912454,
            -0.4433749927154414,
            -0.8787256435426315,
            6.645442052663062
        ],
        [
            0.0,
            0.0,
            0.0,
            1.0
        ]
    ],
    "fov": 1.3264502315156903,
    "aspect": 1.9834710743801653
}