{
    "c2w": [
        [
            -0.9999864572894412,
            -0.0052043378442109085,
            1.0262375442124903e-05,
            3.672771886693075
        ],
        [
            2.0816681711721685e-17,
            -0.001971884953969605,
            -0.9999980558329745,
            2.952226018326035
        ],
        [
            0.0052043479623326075,
            -0.9999845131487447,
            0.0019718582493022385,
            1.8799816306196981
        ],
        [
            0.0,
            0.0,
            0.0,
            1.0
        ]
    ],
    "fov": 2.234021442552742,
    "aspect": 1.8971141781681304
}