{
    "c2w": [
        [
            0.8123948825987913,
            -0.3946066591273216,
            0.42930192091309094,
            1.137748212635179
        ],
        [
            -0.560434260686596,
            -0.7317008783702103,
            0.3879784324430059,
            1.1590825083620981
        ],
        [
            0.16102171957833722,
            -0.5557871977336625,
            -0.8155811404510276,
            3.013900460197046
        ],
        [
            0.0,
            0.0,
            0.0,
            1.0
        ]
    ],
    "fov": 1.3089969389957472,
    "aspect": 1.8971141781681304
}