{
    "c2w": [
        [
            0.8496951967531565,
            -0.05656510113726973,
            0.5242313057686894,
            2.5672059418100583
        ],
        [
            -0.5265111057552587,
            -0.03755168025861917,
            0.849338523102614,
            1.2702943720086073
        ],
        [
            -0.028357153083294534,
            -0.9976924679695067,
            -0.061689636292700994,
            1.703133858573068
        ],
        [
            0.0,
            0.0,
            0.0,
            1.0
        ]
    ],
    "fov": 1.3089969389957472,
    "aspect": 1.8831822759315207
}